[step],ticks,decay-E-current,SEED
300,300,0.24520447035643464,1
300,300,0.24520447035643464,2
300,300,0.24520447035643464,3
300,300,0.24520447035643464,4
300,300,0.24520447035643464,5
300,300,0.24520447035643464,6
300,300,0.24520447035643464,7
300,300,0.24520447035643464,8
300,300,0.24520447035643464,9
300,300,0.24520447035643464,10
